[
    {
        "p_rel_url" : "anshlamba03/Adventure-Works-Data-Engineering-Project/main/Data/AdventureWorks_Product_Categories.csv",
        "p_sink_folder" : "AdventureWorks_Product_Categories",
        "p_sink_file" : "AdventureWorks_Product_Categories.csv"
    },
    {
        "p_rel_url" : "anshlamba03/Adventure-Works-Data-Engineering-Project/main/Data/AdventureWorks_Calendar.csv",
        "p_sink_folder" : "AdventureWorks_Calendar",
        "p_sink_file" : "AdventureWorks_Calendar.csv"
    },
    {
        "p_rel_url" : "anshlamba03/Adventure-Works-Data-Engineering-Project/main/Data/AdventureWorks_Customers.csv",
        "p_sink_folder" : "AdventureWorks_Customers",
        "p_sink_file" : "AdventureWorks_Customers.csv"
    },
    {
        "p_rel_url" : "anshlamba03/Adventure-Works-Data-Engineering-Project/main/Data/AdventureWorks_Product_Subcategories.csv",
        "p_sink_folder" : "Product_Subcategories",
        "p_sink_file" : "AdventureWorks_Product_Subcategories.csv"
    },
    {
        "p_rel_url" : "anshlamba03/Adventure-Works-Data-Engineering-Project/main/Data/AdventureWorks_Products.csv",
        "p_sink_folder" : "AdventureWorks_Products",
        "p_sink_file" : "AdventureWorks_Products.csv"
    },
    {
        "p_rel_url" : "anshlamba03/Adventure-Works-Data-Engineering-Project/main/Data/AdventureWorks_Returns.csv",
        "p_sink_folder" : "AdventureWorks_Returns",
        "p_sink_file":"AdventureWorks_Returns.csv"
    },
    {
        "p_rel_url" : "anshlamba03/Adventure-Works-Data-Engineering-Project/main/Data/AdventureWorks_Sales_2015.csv",
        "p_sink_folder" : "AdventureWorks_Sales_2015",
        "p_sink_file" : "AdventureWorks_Sales_2015.csv"
    },
    {
        "p_rel_url" : "anshlamba03/Adventure-Works-Data-Engineering-Project/main/Data/AdventureWorks_Sales_2016.csv",
        "p_sink_folder" : "AdventureWorks_Sales_2016",
        "p_sink_file" : "AdventureWorks_Sales_2016.cvsv"
    },
    {
        "p_rel_url" : "anshlamba03/Adventure-Works-Data-Engineering-Project/main/Data/AdventureWorks_Sales_2017.csv",
        "p_sink_folder" : "AdventureWorks_Sales_2017",
        "p_sink_file" : "AdventureWorks_Sales_2017.csv"
    },
    {
        "p_rel_url" : "anshlamba03/Adventure-Works-Data-Engineering-Project/main/Data/AdventureWorks_Territories.csv",
        "p_sink_folder" : "AdventureWorks_Territories",
        "p_sink_file" : "AdventureWorks_Territories.csv"
    }
]